depot_pair,computation_time,memory_used,distance,visited_nodes,delivery_points_covered
C-E,85.94819402694702,-10.609375,2086014.8150403823,3050,1148
S-E,83.51966714859009,510.28125,2758516.008349006,3211,1196
W-S,87.15445494651794,510.5625,2362569.4553618836,2894,1101
E-W,85.96864104270935,486.6875,2236690.501271929,3098,1147
