size,computation_time,memory_used,distance,visited_nodes,delivery_points_covered,regions
100,9.36865782737732,-584.9375,492835.1753940589,761,102,10
200,17.529777765274048,389.609375,789839.3025902428,1064,200,18
300,29.213183164596558,469.390625,1140337.4352032375,1691,329,27
500,56.06762909889221,19.5625,1730814.780655234,2457,555,47
700,74.38422799110413,483.59375,2014433.6449899902,2812,842,53
1000,167.45386004447937,496.25,3372459.551725364,3995,1330,97
