distribution,distance,completion_rate,high_priority_avg_pos,med_priority_avg_pos,low_priority_avg_pos,high_priority_count,med_priority_count,low_priority_count
Dist_1,2082832.096944174,1.146,570.6600496277915,565.469387755102,582.4643874643874,403,392,351
Dist_2,2082832.096944174,1.146,566.6702127659574,576.0505952380952,589.8881578947369,658,336,152
Dist_3,2082832.096944174,1.146,571.1048387096774,575.0820668693009,571.5238095238095,124,329,693
