dataset,distance_km,coverage_pct,efficiency_deliveries_per_km,time_s,peak_mem_bytes,covered_P1,covered_P2,covered_P3,total_P1,total_P2,total_P3,total_rows
Equal,1162.6949013237293,66.4,0.5710870489274834,144.62220191955566,30404745,331,333,0,334,333,333,1000
HighMajority,1424.3863528143488,89.5,0.6283407575701845,192.97607684135437,28481256,597,298,0,600,300,100,1000
LowMajority,955.0106854894682,49.7,0.520413025269214,108.06632089614868,28739028,98,399,0,100,400,500,1000
