depot_south,depot_north,num_deliveries_possible,num_deliveries_visited,total_distance_m,runtime_s,memory_MB,nodes_visited
261177307,261325545,100,100,306451.29604051146,6.820251941680908,761.203125,101
261177307,261325545,500,439,598761.2868941228,31.41786789894104,279.3125,440
261177307,261325545,1000,996,1061815.6797772583,68.62526392936707,273.140625,997
261177307,261325545,1500,1498,1273998.58070974,102.35174298286438,259.296875,1499
261177307,261325545,2000,1366,979044.3634596711,99.32304096221924,267.03125,1367
