source,destination,total_distance_m,runtime_s,memory_MB,nodes_visited,delivery_nodes_covered
C,E,349430.0339792507,31.279393196105957,112.046875,464,463
S,E,29255.65409077801,2.281208038330078,115.109375,36,35
W,S,552401.6276060314,43.6475830078125,108.6875,671,670
E,W,50777.363448603806,3.651057720184326,112.8125,57,56
