num_deliveries,depot,total_distance_m,runtime_s,memory_MB,nodes_visited,priority_adherence_%
100,1446638321,0.0,1.0013580322265625e-05,141.609375,2,0.0
200,1446638321,0.0,3.814697265625e-06,141.875,2,0.0
300,1446638321,0.0,3.0994415283203125e-06,141.875,2,0.0
500,1446638321,0.0,3.814697265625e-06,141.875,2,0.0
1000,1446638321,0.0,3.814697265625e-06,141.9375,2,0.0
