size,computation_time,memory_used,distance,visited_nodes,delivery_points_covered,coverage_percentage
100,20.83186984062195,-145.203125,211083.81618173126,1619,81,81.0
200,7.509496688842773,-41.0,211364.2209523515,1626,123,61.5
300,10.86418890953064,121.734375,301719.66306510934,2245,186,62.0
500,18.93720316886902,87.234375,373416.8067475434,2908,339,67.80000000000001
1000,48.14323306083679,-118.71875,734417.1520920218,5571,862,86.2
