num_deliveries,depot,total_distance_m,runtime_s,memory_MB,nodes_visited
100,261210578,295866.9643309775,6.380116939544678,226.171875,101
500,261210578,690598.4168055776,31.629138946533203,224.921875,500
1000,261210578,578092.0754677204,47.022956132888794,128.0625,743
1500,261210578,578092.0754677204,46.8520302772522,127.625,743
2000,261210578,578092.0754677204,47.74428415298462,119.03125,743
