depot_pair,computation_time,memory_used,distance,visited_nodes,delivery_points_covered
C-E,9.049829959869385,318.890625,2587352.2585464497,2468,1209
S-E,5.6982269287109375,772.71875,3514681.906412529,2365,1315
W-S,6.62066912651062,519.75,3837814.1383332754,1588,1502
E-W,2.758694887161255,787.65625,2860652.573219332,2523,1169
N-S,7.098416805267334,616.5,4338721.630254627,1698,1463
