size,computation_time,memory_used,distance,visited_nodes,delivery_points_covered,coverage_percentage
100,21.78131890296936,-434.546875,211083.81618173126,1619,81,81.0
200,7.8558878898620605,-141.921875,211364.2209523515,1626,123,61.5
300,10.748147964477539,765.96875,301719.66306510934,2245,186,62.0
500,21.283387899398804,-195.828125,373416.8067475434,2908,339,67.80000000000001
1000,50.67978286743164,555.3125,734417.1520920218,5571,862,86.2
