num_deliveries,depot,total_distance_m,runtime_s,memory_MB,nodes_visited
100,1446638321,318947.23829370545,6.465415954589844,174.859375,100
200,1446638321,318947.23829370545,6.269400119781494,171.53125,100
300,1446638321,318947.23829370545,6.297405242919922,132.5,100
500,1446638321,318947.23829370545,6.271663188934326,130.859375,100
1000,1446638321,318947.23829370545,6.498538017272949,120.0,100
