dataset,total_points,covered_points,covered_p1,covered_p2,covered_p3,distance_km,regions_selected,runtime_s
Equal,1000,256,82,85,89,318.28856577805595,24,14.505101203918457
HighMajority,1000,258,147,87,24,318.4426597223178,24,2.648548126220703
LowMajority,1000,258,19,108,131,311.72967686274063,24,0.6660721302032471
