config_name,computation_time_s,distance_km,deliveries_covered,efficiency_deliv_per_km,regions_used
TopK20_Size8,20.46791982650757,483.9655416585113,330,0.6818667272655742,20
TopK30_Size6,7.975665092468262,631.0080207758879,453,0.7178989570417678,30
TopK15_Size10,0.3971238136291504,382.5837013734436,256,0.669134620949563,15
