num_deliveries,depot,total_distance_m,runtime_s,memory_MB,nodes_visited
100,261298543,192276.72164355117,4.549034357070923,1208.46875,80
200,261298543,85172.56404854596,3.145598888397217,1208.46875,55
300,261298543,273544.9157629107,10.61508584022522,1208.53125,184
500,261298543,70372.91182433984,3.7556188106536865,1208.53125,66
1000,261298543,306343.04381521174,22.055596113204956,1208.53125,381
